athlete_id,age,gender,height_cm,weight_kg,pushup_count,squat_count,deadlift_reps,running_50m_seconds,situp_count,plank_duration_seconds,vertical_jump_cm,talent_level,recommended_sport
ATH0001,14,Male,154,44.2,2,10,0,8.68,6,11,21,Beginner,Athletics
ATH0002,17,Female,161,53.8,12,24,3,9.59,14,35,28,Beginner,Football or Hockey
ATH0003,20,Male,168,63.4,22,12,6,9.33,22,59,35,Beginner,Basketball or Volleyball
ATH0004,23,Female,175,63.1,6,26,0,9.07,30,31,26.6,Beginner,Weightlifting or Wrestling
ATH0005,16,Male,182,72.7,16,14,3,8.81,12,55,33.6,Beginner,General Multi-Sport Development
ATH0006,19,Female,,51.7,26,28,6,9.72,20,27,25.2,Beginner,Athletics
ATH0007,22,Male,162,51.4,10,16,0,9.46,28,51,32.2,Beginner,Football or Hockey
ATH0008,15,Female,169,61,20,30,3,9.2,10,23,23.8,Beginner,Basketball or Volleyball
ATH0009,18,Other,176,70.6,4,18,6,8.94,18,47,30.8,Beginner,Weightlifting or Wrestling
ATH0010,21,Female,183,70.3,14,32,0,8.68,26,19,22.4,Beginner,General Multi-Sport Development
ATH0011,14,Male,156,49.3,24,20,3,9.59,8,43,29.4,Beginner,Athletics
ATH0012,17,Female,163,58.9,8,34,6,9.33,16,15,21,Beginner,Football or Hockey
ATH0013,20,Male,170,58.6,18,22,0,9.07,24,39,28,Beginner,Basketball or Volleyball
ATH0014,23,Female,177,68.2,2,10,3,8.81,6,11,35,Beginner,Weightlifting or Wrestling
ATH0015,16,Male,184,77.8,12,24,6,9.72,14,35,26.6,Beginner,General Multi-Sport Development
ATH0016,19,Female,157,46.9,22,12,0,9.46,22,59,33.6,Beginner,Athletics
ATH0017,22,Male,164,56.5,6,26,3,9.2,30,31,25.2,Beginner,Football or Hockey
ATH0018,15,,171,66.1,16,14,6,8.94,12,55,32.2,Beginner,Basketball or Volleyball
ATH0019,18,Other,178,65.8,26,28,0,8.68,20,27,23.8,Beginner,Weightlifting or Wrestling
ATH0020,21,Female,185,75.4,10,16,3,9.59,28,51,30.8,Beginner,General Multi-Sport Development
ATH0021,16,Female,159,49.8,14,26,5,7.81,20,45,32.4,Intermediate,Football or Hockey
ATH0022,19,Male,166,59.4,24,40,8,8.72,28,69,39.4,Intermediate,Basketball or Volleyball
ATH0023,22,Female,173,69,34,28,11,8.46,36,41,31,Intermediate,Weightlifting or Wrestling
ATH0024,15,Male,180,68.7,18,42,5,8.2,18,65,38,Intermediate,General Multi-Sport Development
ATH0025,18,Female,187,78.3,28,30,8,7.94,26,89,45,Intermediate,Athletics
ATH0026,21,Male,160,57.3,12,44,11,7.68,34,61,36.6,Intermediate,Football or Hockey
ATH0027,14,Female,167,57,22,32,5,8.59,42,85,43.6,Intermediate,Basketball or Volleyball
ATH0028,17,Other,174,66.6,32,46,8,8.33,24,57,35.2,Intermediate,Weightlifting or Wrestling
ATH0029,20,Female,181,76.2,16,34,11,8.07,32,,42.2,Intermediate,General Multi-Sport Development
ATH0030,23,Male,154,45.3,26,48,5,7.81,40,53,33.8,Intermediate,Athletics
ATH0031,16,Female,161,54.9,36,36,8,8.72,22,77,40.8,Intermediate,Football or Hockey
ATH0032,19,Male,168,64.5,20,24,11,8.46,30,49,32.4,Intermediate,Basketball or Volleyball
ATH0033,22,Female,175,64.2,30,38,5,8.2,38,73,39.4,Intermediate,Weightlifting or Wrestling
ATH0034,15,Male,182,73.8,14,26,8,7.94,20,45,31,Intermediate,General Multi-Sport Development
ATH0035,18,Female,155,52.8,24,40,11,7.68,28,69,38,Intermediate,Athletics
ATH0036,21,Male,162,52.5,34,28,5,8.59,36,41,45,Intermediate,Football or Hockey
ATH0037,14,Female,169,62.1,18,42,8,8.33,18,65,36.6,Intermediate,Basketball or Volleyball
ATH0038,17,Other,176,71.7,28,30,11,8.07,26,89,43.6,Intermediate,Weightlifting or Wrestling
ATH0039,20,Female,183,71.4,12,44,5,7.81,34,61,35.2,Intermediate,General Multi-Sport Development
ATH0040,23,Male,156,50.4,22,32,8,8.72,42,85,42.2,Intermediate,Athletics
ATH0041,18,Male,164,55.4,28,42,11,7.04,34,89,44.8,Advanced,Basketball or Volleyball
ATH0042,21,Female,171,65,38,56,14,6.78,42,113,51.8,Advanced,Weightlifting or Wrestling
ATH0043,14,Male,178,74.6,48,44,17,7.69,50,85,43.4,Advanced,General Multi-Sport Development
ATH0044,17,Female,185,74.3,32,58,11,7.43,32,109,50.4,Advanced,Athletics
ATH0045,20,Male,158,53.3,42,46,14,7.17,40,81,42,Advanced,Football or Hockey
ATH0046,23,Female,165,,26,60,17,6.91,48,105,49,Advanced,Basketball or Volleyball
ATH0047,16,Other,172,62.6,36,48,11,7.82,30,129,56,Advanced,Weightlifting or Wrestling
ATH0048,19,Female,179,72.2,46,62,14,7.56,38,101,47.6,Advanced,General Multi-Sport Development
ATH0049,22,Male,186,81.8,30,50,17,7.3,46,125,54.6,Advanced,Athletics
ATH0050,15,Female,159,50.9,40,38,11,7.04,54,97,46.2,Advanced,Football or Hockey
ATH0051,18,Male,166,60.5,24,52,14,6.78,36,121,53.2,Advanced,Basketball or Volleyball
ATH0052,21,Female,173,70.1,34,40,17,7.69,44,93,44.8,Advanced,Weightlifting or Wrestling
ATH0053,14,Male,180,69.8,44,54,11,7.43,52,117,51.8,Advanced,General Multi-Sport Development
ATH0054,17,Female,187,79.4,28,42,14,7.17,34,89,43.4,Advanced,Athletics
ATH0055,20,Male,160,58.4,38,56,17,6.91,42,113,50.4,Advanced,Football or Hockey
ATH0056,23,Female,167,58.1,48,44,11,7.82,50,85,42,Advanced,Basketball or Volleyball
ATH0057,16,Other,174,67.7,32,58,14,7.56,32,109,49,Advanced,Weightlifting or Wrestling
ATH0058,19,Female,181,77.3,42,46,17,7.3,40,81,56,Advanced,General Multi-Sport Development
ATH0059,22,Male,154,46.4,26,60,11,7.04,48,105,47.6,Advanced,Athletics
ATH0060,15,Female,161,56,36,48,14,6.78,30,129,54.6,Advanced,Football or Hockey
ATH0061,20,Female,169,61,44,62,18,6.37,51,143,57.2,Elite,Weightlifting or Wrestling
ATH0062,23,Male,176,70.6,54,,21,6.11,59,167,64.2,Elite,General Multi-Sport Development
ATH0063,16,Female,183,70.3,38,64,15,7.02,67,139,55.8,Elite,Athletics
ATH0064,19,Male,156,49.3,48,78,18,6.76,49,163,62.8,Elite,Football or Hockey
ATH0065,22,Female,163,58.9,58,66,21,6.5,57,135,54.4,Elite,Basketball or Volleyball
ATH0066,15,Other,170,58.6,42,80,15,6.24,65,159,61.4,Elite,Weightlifting or Wrestling
ATH0067,18,Female,177,68.2,52,68,18,5.98,47,131,53,Elite,General Multi-Sport Development
ATH0068,21,Male,184,77.8,62,56,21,6.89,55,155,60,Elite,Athletics
ATH0069,14,Female,157,46.9,46,70,15,6.63,63,179,67,Elite,Football or Hockey
ATH0070,17,Male,164,56.5,56,58,18,6.37,45,151,58.6,Elite,Basketball or Volleyball
ATH0071,20,Female,171,66.1,40,72,21,6.11,53,175,65.6,Elite,Weightlifting or Wrestling
ATH0072,23,Male,178,65.8,50,60,15,7.02,61,147,57.2,Elite,General Multi-Sport Development
ATH0073,16,Female,185,75.4,60,74,18,6.76,69,171,,Elite,Athletics
ATH0074,19,Male,158,54.4,44,62,21,6.5,51,143,55.8,Elite,Football or Hockey
ATH0075,22,Female,165,54.1,54,76,15,6.24,59,167,62.8,Elite,Basketball or Volleyball
ATH0076,15,Other,172,63.7,38,64,18,5.98,67,139,54.4,Elite,Weightlifting or Wrestling
ATH0077,18,Female,179,73.3,48,78,21,6.89,49,163,61.4,Elite,General Multi-Sport Development
ATH0078,21,Male,186,73,58,66,15,6.63,57,135,53,Elite,Athletics
ATH0079,14,Female,159,52,42,80,18,6.37,65,159,60,Elite,Football or Hockey
ATH0080,17,Male,166,61.6,52,68,21,6.11,47,131,67,Elite,Basketball or Volleyball
ATH0001,14,Male,154,44.2,2,10,0,8.68,6,11,21,Beginner,Athletics
